{
  "version" : "1",
  "name" : "import pdf",
  "autoStart" : false,
  "skills" : [ {
    "name" : "pdf-parser-local",
    "type" : "#Hume.Ecosystem.Skill.PdfParsing.Tika",
    "url" : "http://tikapdf:8089/parse",
    "config" : { }
  }, {
    "name" : "ner-default",
    "type" : "#Hume.Ecosystem.Skill.EntityExtraction.StanfordNLP",
    "url" : "http://annotation-service:8085/v2/annotate",
    "config" : {
      "pipeline" : "default-all",
      "VERSION" : "v2",
      "language" : "en"
    }
  } ],
  "resources" : [ {
    "name" : "pdf",
    "type" : "#Hume.Orchestra.Resource.FileSystem.Local",
    "config" : {
      "path" : "/data/pdf"
    }
  }, {
    "name" : "neo4j",
    "type" : "#Hume.Orchestra.Resource.Neo4j",
    "config" : {
      "host" : "neo4j",
      "port" : 7687,
      "user" : "neo4j",
      "password" : "sQnzu7wkTrgkQZF+0G1hi5AI3Qmzvv0bXgc5THBqi7mAsdd4Xll27ASbRt9fEyavWi6m0QP9B8lThf+rDKy8hg==",
      "database" : "pdf",
      "read_only" : false
    }
  } ],
  "components" : [ {
    "name" : "File Reader",
    "type" : "#Hume.Orchestra.DataSource.FileReader",
    "config" : {
      "path" : null,
      "move_files" : false,
      "use_repository" : false,
      "store_error_content" : true,
      "suffix" : null,
      "clear_repository" : false
    },
    "resource" : "pdf",
    "skill" : null,
    "to" : [ "PDF Parser" ]
  }, {
    "name" : "PDF Parser",
    "type" : "#Hume.Orchestra.Processor.PdfParser",
    "config" : {
      "http_client_min_threads" : 1,
      "store_error_content" : true,
      "concurrent" : false,
      "store_message_content" : true,
      "connections_per_route" : 1,
      "http_client_max_threads" : 1,
      "failure_handler" : null
    },
    "resource" : null,
    "skill" : {
      "name" : "pdf-parser-local",
      "config" : {
        "inputs" : {
          "file" : "file"
        },
        "outputs" : {
          "doc" : "_doc"
        },
        "options" : { }
      }
    },
    "to" : [ "MessageTransformer" ]
  }, {
    "name" : "MessageTransformer",
    "type" : "#Hume.Orchestra.Processor.MessageTransformer",
    "config" : {
      "transformer_script" : "pages = []\nfor x in body['_doc']['_response']:\n  pages.append({'text': '\\n'.join(x['paragraphsForNLP']), 'file': headers['CamelFileName'], 'pageNumber': x['number']})\n\nreturn {'pages': pages}\n",
      "store_error_content" : true,
      "store_message_content" : true,
      "failure_handler" : null
    },
    "resource" : null,
    "skill" : null,
    "to" : [ "Observer" ]
  }, {
    "name" : "Observer",
    "type" : "#Hume.Orchestra.Monitor.Observer",
    "config" : {
      "store_error_content" : true,
      "store_message_content" : true
    },
    "resource" : null,
    "skill" : null,
    "to" : [ "Split Processor" ]
  }, {
    "name" : "Split Processor",
    "type" : "#Hume.Orchestra.Processor.Split",
    "config" : {
      "split_path" : "$.pages",
      "include_original" : false,
      "store_error_content" : true,
      "store_message_content" : true,
      "failure_handler" : null
    },
    "resource" : null,
    "skill" : null,
    "to" : [ "Observer 2" ]
  }, {
    "name" : "Observer 2",
    "type" : "#Hume.Orchestra.Monitor.Observer",
    "config" : {
      "store_error_content" : true,
      "store_message_content" : true
    },
    "resource" : null,
    "skill" : null,
    "to" : [ "MessageTransformer 2" ]
  }, {
    "name" : "Entity Extraction Skill",
    "type" : "#Hume.Orchestra.Skill.Text.EntityExtraction",
    "config" : {
      "request_timeout" : null,
      "store_error_content" : true,
      "store_message_content" : true,
      "split_on" : null,
      "failure_handler" : null
    },
    "resource" : null,
    "skill" : {
      "name" : "ner-default",
      "config" : {
        "inputs" : {
          "text" : "/_/text"
        },
        "outputs" : {
          "0" : {
            "name" : "_annotation",
            "type" : "STRING",
            "label" : "Annotation node"
          },
          "1" : {
            "name" : "_entities",
            "type" : "STRING",
            "label" : "Entities node"
          },
          "2" : {
            "name" : "_merged_entities",
            "type" : "STRING",
            "label" : "Merged Entities"
          },
          "_annotation" : "_annotation",
          "_entities" : "_entities",
          "_merged_entities" : "_merged_entities"
        },
        "options" : { }
      }
    },
    "to" : [ "Observer 3" ]
  }, {
    "name" : "Observer 3",
    "type" : "#Hume.Orchestra.Monitor.Observer",
    "config" : {
      "store_error_content" : true,
      "store_message_content" : true
    },
    "resource" : null,
    "skill" : null,
    "to" : [ "Cypher Query" ]
  }, {
    "name" : "MessageTransformer 2",
    "type" : "#Hume.Orchestra.Processor.MessageTransformer",
    "config" : {
      "transformer_script" : "return body",
      "store_error_content" : true,
      "store_message_content" : true,
      "failure_handler" : null
    },
    "resource" : null,
    "skill" : null,
    "to" : [ "Entity Extraction Skill" ]
  }, {
    "name" : "Cypher Query",
    "type" : "#Hume.Orchestra.Processor.Cypher",
    "config" : {
      "query" : "MERGE (n:Document {id: $_.file})\nMERGE (p:Page {id: $_.file + '__' + $_.pageNumber})\nSET p.text = $_.text\nMERGE (n)-[:HAS_PAGE]->(p)\nWITH n, p\nFOREACH (x IN $_entities.person |\n MERGE (person:Person {name: x})\n MERGE (p)-[:MENTIONS_PERSON]->(person)\n)\nFOREACH (x IN $_entities.organization |\n MERGE (org:Organization {name: x})\n MERGE (p)-[:MENTIONS_ORGANIZATION]->(org)\n)",
      "store_error_content" : true,
      "store_message_content" : true,
      "parameters" : null,
      "failure_handler" : null
    },
    "resource" : null,
    "skill" : null,
    "to" : [ "Neo4j Writer" ]
  }, {
    "name" : "Neo4j Writer",
    "type" : "#Hume.Orchestra.Persistence.Neo4jWriter",
    "config" : {
      "batch_writes" : false,
      "batch_size" : 20,
      "stream_records" : false,
      "store_error_content" : true,
      "store_message_content" : true,
      "aggregation_timeout" : 300,
      "failure_handler" : null
    },
    "resource" : "neo4j",
    "skill" : null,
    "to" : [ ]
  } ],
  "canvasPositions" : {
    "Split Processor" : {
      "x" : 1179,
      "y" : 239
    },
    "Entity Extraction Skill" : {
      "x" : 477,
      "y" : 485
    },
    "Observer 3" : {
      "x" : 663,
      "y" : 485
    },
    "PDF Parser" : {
      "x" : 399,
      "y" : 241
    },
    "Observer" : {
      "x" : 938,
      "y" : 239
    },
    "Observer 2" : {
      "x" : 1389,
      "y" : 238
    },
    "File Reader" : {
      "x" : 148,
      "y" : 241
    },
    "MessageTransformer 2" : {
      "x" : 281,
      "y" : 485
    },
    "Cypher Query" : {
      "x" : 876,
      "y" : 485
    },
    "MessageTransformer" : {
      "x" : 665,
      "y" : 240
    },
    "Neo4j Writer" : {
      "x" : 1096,
      "y" : 483
    }
  }
}