{
  "classes" : [ {
    "label" : "Document",
    "canvasPosition" : {
      "x" : 490,
      "y" : 378
    },
    "icon" : "mdi-file-document-box",
    "color" : "#EF5350",
    "attributes" : [ {
      "label" : "id",
      "type" : "STRING",
      "primaryKey" : true,
      "searchable" : true
    } ]
  }, {
    "label" : "Person",
    "canvasPosition" : {
      "x" : 871,
      "y" : 229
    },
    "icon" : "person_pin",
    "color" : "#00C853",
    "attributes" : [ {
      "label" : "name",
      "type" : "STRING",
      "primaryKey" : false,
      "searchable" : true
    } ]
  }, {
    "label" : "Organization",
    "canvasPosition" : {
      "x" : 972,
      "y" : 562
    },
    "icon" : "mdi-office-building",
    "color" : "#FF7043",
    "attributes" : [ {
      "label" : "name",
      "type" : "STRING",
      "primaryKey" : false,
      "searchable" : true
    } ]
  }, {
    "label" : "Page",
    "canvasPosition" : {
      "x" : 695,
      "y" : 471
    },
    "icon" : "mdi-format-page-break",
    "color" : "#42A5F5",
    "attributes" : [ {
      "label" : "text",
      "type" : "STRING",
      "primaryKey" : false,
      "searchable" : true
    }, {
      "label" : "id",
      "type" : "STRING",
      "primaryKey" : false,
      "searchable" : false
    } ]
  } ],
  "relationships" : [ {
    "label" : "HAS_PAGE",
    "offset" : 0.0,
    "start" : {
      "label" : "Document",
      "canvasPosition" : {
        "x" : 490,
        "y" : 378
      },
      "icon" : "mdi-file-document-box",
      "color" : "#EF5350",
      "attributes" : [ {
        "label" : "id",
        "type" : "STRING",
        "primaryKey" : true,
        "searchable" : true
      } ]
    },
    "end" : {
      "label" : "Page",
      "canvasPosition" : {
        "x" : 695,
        "y" : 471
      },
      "icon" : "mdi-format-page-break",
      "color" : "#42A5F5",
      "attributes" : [ {
        "label" : "text",
        "type" : "STRING",
        "primaryKey" : false,
        "searchable" : true
      }, {
        "label" : "id",
        "type" : "STRING",
        "primaryKey" : false,
        "searchable" : false
      } ]
    },
    "attributes" : [ ]
  }, {
    "label" : "MENTIONS_ORGANIZATION",
    "offset" : 0.0,
    "start" : {
      "label" : "Page",
      "canvasPosition" : {
        "x" : 695,
        "y" : 471
      },
      "icon" : "mdi-format-page-break",
      "color" : "#42A5F5",
      "attributes" : [ {
        "label" : "text",
        "type" : "STRING",
        "primaryKey" : false,
        "searchable" : true
      }, {
        "label" : "id",
        "type" : "STRING",
        "primaryKey" : false,
        "searchable" : false
      } ]
    },
    "end" : {
      "label" : "Organization",
      "canvasPosition" : {
        "x" : 972,
        "y" : 562
      },
      "icon" : "mdi-office-building",
      "color" : "#FF7043",
      "attributes" : [ {
        "label" : "name",
        "type" : "STRING",
        "primaryKey" : false,
        "searchable" : true
      } ]
    },
    "attributes" : [ ]
  }, {
    "label" : "MENTIONS_PERSON",
    "offset" : 0.0,
    "start" : {
      "label" : "Page",
      "canvasPosition" : {
        "x" : 695,
        "y" : 471
      },
      "icon" : "mdi-format-page-break",
      "color" : "#42A5F5",
      "attributes" : [ {
        "label" : "text",
        "type" : "STRING",
        "primaryKey" : false,
        "searchable" : true
      }, {
        "label" : "id",
        "type" : "STRING",
        "primaryKey" : false,
        "searchable" : false
      } ]
    },
    "end" : {
      "label" : "Person",
      "canvasPosition" : {
        "x" : 871,
        "y" : 229
      },
      "icon" : "person_pin",
      "color" : "#00C853",
      "attributes" : [ {
        "label" : "name",
        "type" : "STRING",
        "primaryKey" : false,
        "searchable" : true
      } ]
    },
    "attributes" : [ ]
  } ]
}