{
  "name" : "Main Perspective",
  "classes" : [ {
    "uuid" : "10bc2dd7-9317-4fbb-ae26-df5e00caf1f1",
    "label" : "Document",
    "canvasPosition" : {
      "x" : 490,
      "y" : 378
    },
    "icon" : "mdi-file-document-box",
    "color" : "#EF5350",
    "attributes" : [ {
      "uuid" : "5e759e9f-7859-4cde-a36f-53c43576177b",
      "label" : "id",
      "type" : "STRING",
      "visible" : true
    } ],
    "visible" : true
  }, {
    "uuid" : "255c9d3e-989b-4e82-b763-770525785c14",
    "label" : "Person",
    "canvasPosition" : {
      "x" : 871,
      "y" : 229
    },
    "icon" : "person_pin",
    "color" : "#00C853",
    "attributes" : [ {
      "uuid" : "f75c4b9b-789a-4a11-b10c-94f8ce913130",
      "label" : "name",
      "type" : "STRING",
      "visible" : true
    } ],
    "visible" : true
  }, {
    "uuid" : "5334c22f-f625-4dd5-b11e-9d2ddf390165",
    "label" : "Organization",
    "canvasPosition" : {
      "x" : 972,
      "y" : 562
    },
    "icon" : "mdi-office-building",
    "color" : "#FF7043",
    "attributes" : [ {
      "uuid" : "baf7995f-e6a1-498f-8631-4261e3db1a11",
      "label" : "name",
      "type" : "STRING",
      "visible" : true
    } ],
    "visible" : true
  }, {
    "uuid" : "3a8b655c-98d0-4efe-a41f-0d1a519d7023",
    "label" : "Page",
    "canvasPosition" : {
      "x" : 695,
      "y" : 471
    },
    "icon" : "mdi-format-page-break",
    "color" : "#42A5F5",
    "attributes" : [ {
      "uuid" : "69871675-7c53-4040-8706-5bb8fff45ce1",
      "label" : "text",
      "type" : "STRING",
      "visible" : true
    }, {
      "uuid" : "b6c66ab2-d8c9-41fe-b7b9-a7d68d7c28cf",
      "label" : "id",
      "type" : "STRING",
      "visible" : true
    } ],
    "visible" : true
  } ],
  "relationships" : [ {
    "uuid" : "5665e205-0262-4f05-8101-549ef6e09a90",
    "label" : "HAS_PAGE",
    "start" : "10bc2dd7-9317-4fbb-ae26-df5e00caf1f1",
    "startLabel" : "Document",
    "end" : "3a8b655c-98d0-4efe-a41f-0d1a519d7023",
    "endLabel" : "Page",
    "offset" : 0.0,
    "attributes" : [ ],
    "visible" : true
  }, {
    "uuid" : "c7de38bc-3b46-4bd6-ba43-363ca67d259d",
    "label" : "MENTIONS_ORGANIZATION",
    "start" : "3a8b655c-98d0-4efe-a41f-0d1a519d7023",
    "startLabel" : "Page",
    "end" : "5334c22f-f625-4dd5-b11e-9d2ddf390165",
    "endLabel" : "Organization",
    "offset" : 0.0,
    "attributes" : [ ],
    "visible" : true
  }, {
    "uuid" : "82808eab-fea8-4352-8039-92aedc15979f",
    "label" : "MENTIONS_PERSON",
    "start" : "3a8b655c-98d0-4efe-a41f-0d1a519d7023",
    "startLabel" : "Page",
    "end" : "255c9d3e-989b-4e82-b763-770525785c14",
    "endLabel" : "Person",
    "offset" : 0.0,
    "attributes" : [ ],
    "visible" : true
  } ],
  "default" : false,
  "schemaSynchronized" : true
}